min_minority_class	n_studies	kruskal_H	kruskal_p
0	42	14.688382160475214	0.011780214593936902
10	36	13.5443488943489	0.018778108146096442
20	33	13.129935720844813	0.022191084368733585
