model	held_out_study	balanced_accuracy	balanced_accuracy_std	f1_macro	f1_macro_std	n_train_samples	n_eval_samples
capda-vae-multiview	FengQ_2015	0.4940763544515383	0.005307546581471174	0.4134207355073521	0.011290516099704774	1490	154
capda-vae-multiview	VogtmannE_2016	0.6698717948717948	0.037102041355096885	0.45360400967409725	0.023162093024554516	1540	104
capda-vae-multiview	ZellerG_2014	0.49994844829363855	0.005135198622186977	0.42133696861392345	0.00403882436425216	1488	156
capda-vae-multiview	YuJ_2015	0.7549215882549216	0.020204081034902996	0.6694091958604219	0.12296233022062181	1516	128
capda-vae-multiview	WirbelJ_2018	0.7551282051282051	0.006804138174397693	0.5109096605682427	0.00415548904522398	1519	125
capda-vae-multiview	YachidaS_2019	0.3457719509558664	0.0029411860975236685	0.31194399566651837	0.0022563729630206454	1028	616
capda-vae-multiview	ThomasAM_2018a	0.46280332056194123	0.032080576430435215	0.36806919261629406	0.025864444076936614	1564	80
capda-vae-multiview	ThomasAM_2018b	0.6904761904761904	0.02227177015936871	0.6004856095752	0.11790187038371279	1584	60
capda-vae-multiview	ThomasAM_2019_c	1.0	0.0	1.0	0.0	1564	80
capda-vae-multiview	HanniganGD_2017	0.3666960611405055	0.020637977098856952	0.24859644712585893	0.023093878974123915	1563	81
capda-vae-multiview	GuptaA_2019	0.7722222222222223	0.04374448818895451	0.6894390331890333	0.13826067904654607	1584	60
